n,Review Date,Deliverable Reviewed,Required Findings,Actual Findings,Resolution,Sign off
QL?01,31?Mar,Project Overview,"Clear scope, objectives, and actors defined",Scope and actors clearly documented,No changes required,Scrum Master
QL?02,02?Apr,Product Backlog,All features mapped to business benefits,Feature list aligned with system goals,Approved,Scrum Master
QL?03,03?Apr,User Story Case Study,Complete functional coverage with business rules,Minor wording inconsistencies found,User stories refined and updated,Scrum Master
QL?04,04?Apr,Sprint Backlog,Task?level breakdown with effort estimates,Initial effort mismatch identified,Backlog updated with accurate estimates (118 hrs),Scrum Master
QL?05,05?Apr,Role?Based Access Implementation,Access restricted per role (User/Admin/Supervisor),Some role access overlap detected,Role checks corrected in code,Scrum Master
QL?06,06?Apr,Booking & Payment Flow,Payment should be post?paid,Payment initially pre?paid,Payment logic corrected,Scrum Master
QL?07,07?Apr,Penalty Calculation,Penalty must be added to payable amount,Only warning shown,Penalty integration completed,Scrum Master
QL?08,08?Apr,Reports Module,Monthly reports with latest bookings,Recent bookings missing,Query logic updated,Scrum Master
QL?09,08?Apr,Non?Functional Requirements,Must align with actual implementation,JWT/Spring Security reference identified,NFR corrected to role?based access,Scrum Master
QL?10,09?Apr,UI & Responsiveness,Screens must work across devices,Mobile navigation issue found,UI responsiveness fixed,Scrum Master
QL?11,09?Apr,Codebase Document,Clear architecture and structure explained,Documentation complete and accurate,Approved,Scrum Master
QL?12,10?Apr,Final Demo Readiness,End?to?end flow works without errors,All major flows validated,Approved for Final Review,
